session_id,start_time,end_time,start_ts,end_ts,duration,keypresses
0,2020-08-06T17:15:52.125000000,2020-08-06T17:15:54.168000000,2020-08-06T17:15:52.125000000,2020-08-06T17:15:54.168000000,2043000000 nanoseconds,6
1,2020-08-06T17:17:49.235000000,2020-08-06T17:18:34.629000000,2020-08-06T17:17:49.235000000,2020-08-06T17:18:34.629000000,45394000000 nanoseconds,150
2,2020-08-06T17:24:22.760000000,2020-08-06T17:24:48.201000000,2020-08-06T17:24:22.760000000,2020-08-06T17:24:48.201000000,25441000000 nanoseconds,91
3,2020-08-06T17:28:07.830000000,2020-08-06T17:29:01.120000000,2020-08-06T17:28:07.830000000,2020-08-06T17:29:01.120000000,53290000000 nanoseconds,130
4,2020-08-06T19:36:23.420000000,2020-08-06T19:36:31.313000000,2020-08-06T19:36:23.420000000,2020-08-06T19:36:31.313000000,7893000000 nanoseconds,23
5,2020-08-06T20:10:20.909000000,2020-08-06T20:10:27.783000000,2020-08-06T20:10:20.909000000,2020-08-06T20:10:27.783000000,6874000000 nanoseconds,16
6,2020-08-06T20:12:08.792000000,2020-08-06T20:14:39.878000000,2020-08-06T20:12:08.792000000,2020-08-06T20:14:39.878000000,151086000000 nanoseconds,161
7,2020-08-08T11:09:01.613000000,2020-08-08T11:09:46.423000000,2020-08-08T11:09:01.613000000,2020-08-08T11:09:46.423000000,44810000000 nanoseconds,58
8,2020-08-08T19:46:28.359000000,2020-08-08T19:46:36.907000000,2020-08-08T19:46:28.359000000,2020-08-08T19:46:36.907000000,8548000000 nanoseconds,24
9,2020-08-08T20:13:55.144000000,2020-08-08T20:13:59.403000000,2020-08-08T20:13:55.144000000,2020-08-08T20:13:59.403000000,4259000000 nanoseconds,14
10,2020-08-08T20:40:38.350000000,2020-08-08T20:44:14.532000000,2020-08-08T20:40:38.350000000,2020-08-08T20:44:14.532000000,216182000000 nanoseconds,149
11,2020-08-08T23:25:36.662000000,2020-08-08T23:26:05.000000000,2020-08-08T23:25:36.662000000,2020-08-08T23:26:05.000000000,28338000000 nanoseconds,6
12,2020-08-09T07:11:31.363000000,2020-08-09T07:11:42.291000000,2020-08-09T07:11:31.363000000,2020-08-09T07:11:42.291000000,10928000000 nanoseconds,30
13,2020-08-09T07:19:26.915000000,2020-08-09T07:19:32.304000000,2020-08-09T07:19:26.915000000,2020-08-09T07:19:32.304000000,5389000000 nanoseconds,19
14,2020-08-09T12:02:18.829000000,2020-08-09T12:02:19.558000000,2020-08-09T12:02:18.829000000,2020-08-09T12:02:19.558000000,729000000 nanoseconds,5
15,2020-08-09T12:04:20.014000000,2020-08-09T12:05:47.066000000,2020-08-09T12:04:20.014000000,2020-08-09T12:05:47.066000000,87052000000 nanoseconds,118
16,2020-08-09T12:40:37.443000000,2020-08-09T12:40:38.742000000,2020-08-09T12:40:37.443000000,2020-08-09T12:40:38.742000000,1299000000 nanoseconds,6
17,2020-08-09T12:42:33.830000000,2020-08-09T12:43:35.882000000,2020-08-09T12:42:33.830000000,2020-08-09T12:43:35.882000000,62052000000 nanoseconds,33
18,2020-08-09T15:26:52.528000000,2020-08-09T15:27:14.922000000,2020-08-09T15:26:52.528000000,2020-08-09T15:27:14.922000000,22394000000 nanoseconds,53
19,2020-08-09T15:29:47.136000000,2020-08-09T15:30:40.652000000,2020-08-09T15:29:47.136000000,2020-08-09T15:30:40.652000000,53516000000 nanoseconds,132
20,2020-08-09T15:32:33.281000000,2020-08-09T15:32:40.122000000,2020-08-09T15:32:33.281000000,2020-08-09T15:32:40.122000000,6841000000 nanoseconds,7
21,2020-08-09T15:44:44.060000000,2020-08-09T15:44:56.688000000,2020-08-09T15:44:44.060000000,2020-08-09T15:44:56.688000000,12628000000 nanoseconds,33
22,2020-08-09T16:17:36.869000000,2020-08-09T16:19:25.864000000,2020-08-09T16:17:36.869000000,2020-08-09T16:19:25.864000000,108995000000 nanoseconds,226
23,2020-08-09T16:38:09.432000000,2020-08-09T16:38:16.757000000,2020-08-09T16:38:09.432000000,2020-08-09T16:38:16.757000000,7325000000 nanoseconds,7
24,2020-08-09T16:53:46.313000000,2020-08-09T16:54:15.609000000,2020-08-09T16:53:46.313000000,2020-08-09T16:54:15.609000000,29296000000 nanoseconds,36
25,2020-08-09T20:26:09.283000000,2020-08-09T20:26:29.559000000,2020-08-09T20:26:09.283000000,2020-08-09T20:26:29.559000000,20276000000 nanoseconds,61
26,2020-08-09T21:01:11.152000000,2020-08-09T21:03:27.723000000,2020-08-09T21:01:11.152000000,2020-08-09T21:03:27.723000000,136571000000 nanoseconds,111
27,2020-08-09T22:15:35.851000000,2020-08-09T22:15:37.687000000,2020-08-09T22:15:35.851000000,2020-08-09T22:15:37.687000000,1836000000 nanoseconds,7
28,2020-08-09T22:26:57.098000000,2020-08-09T22:27:00.773000000,2020-08-09T22:26:57.098000000,2020-08-09T22:27:00.773000000,3675000000 nanoseconds,18
29,2020-08-10T08:27:09.857000000,2020-08-10T08:27:11.822000000,2020-08-10T08:27:09.857000000,2020-08-10T08:27:11.822000000,1965000000 nanoseconds,5
30,2020-08-10T10:42:26.410000000,2020-08-10T10:42:28.864000000,2020-08-10T10:42:26.410000000,2020-08-10T10:42:28.864000000,2454000000 nanoseconds,11
31,2020-08-10T11:40:46.245000000,2020-08-10T11:40:51.303000000,2020-08-10T11:40:46.245000000,2020-08-10T11:40:51.303000000,5058000000 nanoseconds,28
32,2020-08-10T11:41:55.989000000,2020-08-10T11:42:21.586000000,2020-08-10T11:41:55.989000000,2020-08-10T11:42:21.586000000,25597000000 nanoseconds,61
33,2020-08-10T11:47:44.193000000,2020-08-10T11:47:46.494000000,2020-08-10T11:47:44.193000000,2020-08-10T11:47:46.494000000,2301000000 nanoseconds,7
34,2020-08-10T11:53:55.252000000,2020-08-10T11:53:58.881000000,2020-08-10T11:53:55.252000000,2020-08-10T11:53:58.881000000,3629000000 nanoseconds,12
35,2020-08-10T12:52:59.382000000,2020-08-10T12:54:03.215000000,2020-08-10T12:52:59.382000000,2020-08-10T12:54:03.215000000,63833000000 nanoseconds,152
36,2020-08-10T12:55:07.311000000,2020-08-10T12:55:31.669000000,2020-08-10T12:55:07.311000000,2020-08-10T12:55:31.669000000,24358000000 nanoseconds,74
37,2020-08-10T13:02:35.546000000,2020-08-10T13:02:44.466000000,2020-08-10T13:02:35.546000000,2020-08-10T13:02:44.466000000,8920000000 nanoseconds,26
38,2020-08-10T13:14:57.924000000,2020-08-10T13:15:00.311000000,2020-08-10T13:14:57.924000000,2020-08-10T13:15:00.311000000,2387000000 nanoseconds,7
39,2020-08-10T13:56:23.596000000,2020-08-10T13:56:28.579000000,2020-08-10T13:56:23.596000000,2020-08-10T13:56:28.579000000,4983000000 nanoseconds,17
40,2020-08-10T15:48:16.581000000,2020-08-10T15:57:36.764000000,2020-08-10T15:48:16.581000000,2020-08-10T15:57:36.764000000,560183000000 nanoseconds,562
41,2020-08-10T15:48:17.950000000,2020-08-10T15:49:10.030000000,2020-08-10T15:48:17.950000000,2020-08-10T15:49:10.030000000,52080000000 nanoseconds,46
42,2020-08-10T15:49:10.228000000,2020-08-10T15:57:39.710000000,2020-08-10T15:49:10.228000000,2020-08-10T15:57:39.710000000,509482000000 nanoseconds,506
43,2020-08-10T16:07:54.867000000,2020-08-10T16:07:58.057000000,2020-08-10T16:07:54.867000000,2020-08-10T16:07:58.057000000,3190000000 nanoseconds,11
44,2020-08-10T17:05:39.919000000,2020-08-10T17:06:07.861000000,2020-08-10T17:05:39.919000000,2020-08-10T17:06:07.861000000,27942000000 nanoseconds,88
45,2020-08-10T17:51:44.358000000,2020-08-10T17:52:38.986000000,2020-08-10T17:51:44.358000000,2020-08-10T17:52:38.986000000,54628000000 nanoseconds,111
46,2020-08-10T18:06:37.091000000,2020-08-10T18:07:45.608000000,2020-08-10T18:06:37.091000000,2020-08-10T18:07:45.608000000,68517000000 nanoseconds,106
47,2020-08-10T18:57:54.175000000,2020-08-10T18:57:59.960000000,2020-08-10T18:57:54.175000000,2020-08-10T18:57:59.960000000,5785000000 nanoseconds,22
48,2020-08-10T19:08:50.844000000,2020-08-10T19:10:29.407000000,2020-08-10T19:08:50.844000000,2020-08-10T19:10:29.407000000,98563000000 nanoseconds,88
49,2020-08-10T19:12:18.021000000,2020-08-10T19:18:38.181000000,2020-08-10T19:12:18.021000000,2020-08-10T19:18:38.181000000,380160000000 nanoseconds,566
50,2020-08-10T21:08:58.285000000,2020-08-10T21:09:00.033000000,2020-08-10T21:08:58.285000000,2020-08-10T21:09:00.033000000,1748000000 nanoseconds,7
51,2020-08-10T21:10:30.029000000,2020-08-10T21:15:23.484000000,2020-08-10T21:10:30.029000000,2020-08-10T21:15:23.484000000,293455000000 nanoseconds,650
52,2020-08-10T21:39:10.385000000,2020-08-10T21:39:34.267000000,2020-08-10T21:39:10.385000000,2020-08-10T21:39:34.267000000,23882000000 nanoseconds,52
53,2020-08-10T21:43:37.509000000,2020-08-10T21:44:50.936000000,2020-08-10T21:43:37.509000000,2020-08-10T21:44:50.936000000,73427000000 nanoseconds,36
54,2020-08-11T07:52:11.639000000,2020-08-11T07:53:09.783000000,2020-08-11T07:52:11.639000000,2020-08-11T07:53:09.783000000,58144000000 nanoseconds,149
55,2020-08-11T09:05:50.372000000,2020-08-11T09:05:54.520000000,2020-08-11T09:05:50.372000000,2020-08-11T09:05:54.520000000,4148000000 nanoseconds,19
56,2020-08-11T09:55:08.714000000,2020-08-11T09:56:28.621000000,2020-08-11T09:55:08.714000000,2020-08-11T09:56:28.621000000,79907000000 nanoseconds,221
57,2020-08-11T11:49:28.393000000,2020-08-11T11:51:33.294000000,2020-08-11T11:49:28.393000000,2020-08-11T11:51:33.294000000,124901000000 nanoseconds,296
58,2020-08-11T11:55:55.757000000,2020-08-11T11:56:26.944000000,2020-08-11T11:55:55.757000000,2020-08-11T11:56:26.944000000,31187000000 nanoseconds,65
59,2020-08-11T12:08:54.902000000,2020-08-11T12:09:51.789000000,2020-08-11T12:08:54.902000000,2020-08-11T12:09:51.789000000,56887000000 nanoseconds,185
60,2020-08-11T12:19:12.736000000,2020-08-11T12:20:13.331000000,2020-08-11T12:19:12.736000000,2020-08-11T12:20:13.331000000,60595000000 nanoseconds,178
61,2020-08-11T12:34:09.502000000,2020-08-11T12:34:25.950000000,2020-08-11T12:34:09.502000000,2020-08-11T12:34:25.950000000,16448000000 nanoseconds,27
62,2020-08-11T12:45:13.944000000,2020-08-11T12:46:07.371000000,2020-08-11T12:45:13.944000000,2020-08-11T12:46:07.371000000,53427000000 nanoseconds,134
63,2020-08-11T12:47:12.720000000,2020-08-11T12:48:06.812000000,2020-08-11T12:47:12.720000000,2020-08-11T12:48:06.812000000,54092000000 nanoseconds,134
64,2020-08-11T13:10:30.176000000,2020-08-11T13:12:38.422000000,2020-08-11T13:10:30.176000000,2020-08-11T13:12:38.422000000,128246000000 nanoseconds,211
65,2020-08-11T13:25:24.348000000,2020-08-11T13:26:49.581000000,2020-08-11T13:25:24.348000000,2020-08-11T13:26:49.581000000,85233000000 nanoseconds,143
66,2020-08-11T13:28:34.785000000,2020-08-11T13:28:54.672000000,2020-08-11T13:28:34.785000000,2020-08-11T13:28:54.672000000,19887000000 nanoseconds,58
67,2020-08-11T13:37:11.486000000,2020-08-11T13:37:50.052000000,2020-08-11T13:37:11.486000000,2020-08-11T13:37:50.052000000,38566000000 nanoseconds,113
68,2020-08-11T14:26:38.998000000,2020-08-11T14:26:42.065000000,2020-08-11T14:26:38.998000000,2020-08-11T14:26:42.065000000,3067000000 nanoseconds,13
69,2020-08-11T14:29:16.404000000,2020-08-11T14:30:49.207000000,2020-08-11T14:29:16.404000000,2020-08-11T14:30:49.207000000,92803000000 nanoseconds,272
70,2020-08-11T14:34:03.671000000,2020-08-11T14:34:21.688000000,2020-08-11T14:34:03.671000000,2020-08-11T14:34:21.688000000,18017000000 nanoseconds,17
71,2020-08-11T14:37:36.180000000,2020-08-11T14:37:48.474000000,2020-08-11T14:37:36.180000000,2020-08-11T14:37:48.474000000,12294000000 nanoseconds,16
72,2020-08-11T14:39:18.337000000,2020-08-11T14:39:26.942000000,2020-08-11T14:39:18.337000000,2020-08-11T14:39:26.942000000,8605000000 nanoseconds,23
73,2020-08-11T14:42:22.692000000,2020-08-11T14:43:18.323000000,2020-08-11T14:42:22.692000000,2020-08-11T14:43:18.323000000,55631000000 nanoseconds,198
74,2020-08-11T15:17:41.001000000,2020-08-11T15:19:25.379000000,2020-08-11T15:17:41.001000000,2020-08-11T15:19:25.379000000,104378000000 nanoseconds,228
75,2020-08-11T15:20:28.578000000,2020-08-11T15:22:39.439000000,2020-08-11T15:20:28.578000000,2020-08-11T15:22:39.439000000,130861000000 nanoseconds,356
76,2020-08-11T15:49:35.466000000,2020-08-11T15:53:23.385000000,2020-08-11T15:49:35.466000000,2020-08-11T15:53:23.385000000,227919000000 nanoseconds,410
77,2020-08-11T15:54:36.070000000,2020-08-11T15:55:31.499000000,2020-08-11T15:54:36.070000000,2020-08-11T15:55:31.499000000,55429000000 nanoseconds,121
78,2020-08-11T15:58:07.119000000,2020-08-11T16:03:53.417000000,2020-08-11T15:58:07.119000000,2020-08-11T16:03:53.417000000,346298000000 nanoseconds,495
79,2020-08-11T16:05:44.463000000,2020-08-11T16:06:14.982000000,2020-08-11T16:05:44.463000000,2020-08-11T16:06:14.982000000,30519000000 nanoseconds,75
80,2020-08-11T17:37:44.309000000,2020-08-11T17:37:45.048000000,2020-08-11T17:37:44.309000000,2020-08-11T17:37:45.048000000,739000000 nanoseconds,6
81,2020-08-11T19:01:06.126000000,2020-08-11T19:01:18.918000000,2020-08-11T19:01:06.126000000,2020-08-11T19:01:18.918000000,12792000000 nanoseconds,12
82,2020-08-11T19:51:43.924000000,2020-08-11T19:51:57.093000000,2020-08-11T19:51:43.924000000,2020-08-11T19:51:57.093000000,13169000000 nanoseconds,32
83,2020-08-11T21:49:17.303000000,2020-08-11T21:57:38.279000000,2020-08-11T21:49:17.303000000,2020-08-11T21:57:38.279000000,500976000000 nanoseconds,779
84,2020-08-11T21:59:29.417000000,2020-08-11T22:05:11.900000000,2020-08-11T21:59:29.417000000,2020-08-11T22:05:11.900000000,342483000000 nanoseconds,501
85,2020-08-11T22:06:24.968000000,2020-08-11T22:06:27.887000000,2020-08-11T22:06:24.968000000,2020-08-11T22:06:27.887000000,2919000000 nanoseconds,10
86,2020-08-11T22:07:46.209000000,2020-08-11T22:08:15.047000000,2020-08-11T22:07:46.209000000,2020-08-11T22:08:15.047000000,28838000000 nanoseconds,35
87,2020-08-11T22:20:20.447000000,2020-08-11T22:20:34.851000000,2020-08-11T22:20:20.447000000,2020-08-11T22:20:34.851000000,14404000000 nanoseconds,50
88,2020-08-11T22:26:09.739000000,2020-08-11T22:27:07.571000000,2020-08-11T22:26:09.739000000,2020-08-11T22:27:07.571000000,57832000000 nanoseconds,31
89,2020-08-11T22:50:42.487000000,2020-08-11T22:50:48.888000000,2020-08-11T22:50:42.487000000,2020-08-11T22:50:48.888000000,6401000000 nanoseconds,13
90,2020-08-12T06:35:59.032000000,2020-08-12T06:37:05.208000000,2020-08-12T06:35:59.032000000,2020-08-12T06:37:05.208000000,66176000000 nanoseconds,192
91,2020-08-12T06:41:27.725000000,2020-08-12T06:41:50.087000000,2020-08-12T06:41:27.725000000,2020-08-12T06:41:50.087000000,22362000000 nanoseconds,9
92,2020-08-12T06:57:09.537000000,2020-08-12T06:57:18.574000000,2020-08-12T06:57:09.537000000,2020-08-12T06:57:18.574000000,9037000000 nanoseconds,10
93,2020-08-12T07:00:13.755000000,2020-08-12T07:00:17.796000000,2020-08-12T07:00:13.755000000,2020-08-12T07:00:17.796000000,4041000000 nanoseconds,19
94,2020-08-12T07:01:50.800000000,2020-08-12T07:01:59.933000000,2020-08-12T07:01:50.800000000,2020-08-12T07:01:59.933000000,9133000000 nanoseconds,26
95,2020-08-12T07:03:36.774000000,2020-08-12T07:04:38.456000000,2020-08-12T07:03:36.774000000,2020-08-12T07:04:38.456000000,61682000000 nanoseconds,127
96,2020-08-12T07:14:56.461000000,2020-08-12T07:15:55.055000000,2020-08-12T07:14:56.461000000,2020-08-12T07:15:55.055000000,58594000000 nanoseconds,125
97,2020-08-12T07:17:50.152000000,2020-08-12T07:20:16.328000000,2020-08-12T07:17:50.152000000,2020-08-12T07:20:16.328000000,146176000000 nanoseconds,310
98,2020-08-12T07:24:27.096000000,2020-08-12T07:24:48.923000000,2020-08-12T07:24:27.096000000,2020-08-12T07:24:48.923000000,21827000000 nanoseconds,57
99,2020-08-12T08:38:21.966000000,2020-08-12T08:38:49.066000000,2020-08-12T08:38:21.966000000,2020-08-12T08:38:49.066000000,27100000000 nanoseconds,74
100,2020-08-12T08:39:49.533000000,2020-08-12T08:39:55.920000000,2020-08-12T08:39:49.533000000,2020-08-12T08:39:55.920000000,6387000000 nanoseconds,22
101,2020-08-12T08:48:32.969000000,2020-08-12T08:48:53.073000000,2020-08-12T08:48:32.969000000,2020-08-12T08:48:53.073000000,20104000000 nanoseconds,53
102,2020-08-12T08:50:56.365000000,2020-08-12T08:51:25.503000000,2020-08-12T08:50:56.365000000,2020-08-12T08:51:25.503000000,29138000000 nanoseconds,71
103,2020-08-12T09:22:10.949000000,2020-08-12T09:22:26.062000000,2020-08-12T09:22:10.949000000,2020-08-12T09:22:26.062000000,15113000000 nanoseconds,50
104,2020-08-12T09:25:18.045000000,2020-08-12T09:29:26.874000000,2020-08-12T09:25:18.045000000,2020-08-12T09:29:26.874000000,248829000000 nanoseconds,297
105,2020-08-12T09:33:23.813000000,2020-08-12T09:36:16.018000000,2020-08-12T09:33:23.813000000,2020-08-12T09:36:16.018000000,172205000000 nanoseconds,209
106,2020-08-12T09:38:37.835000000,2020-08-12T09:39:03.098000000,2020-08-12T09:38:37.835000000,2020-08-12T09:39:03.098000000,25263000000 nanoseconds,93
107,2020-08-12T10:03:27.122000000,2020-08-12T10:03:58.483000000,2020-08-12T10:03:27.122000000,2020-08-12T10:03:58.483000000,31361000000 nanoseconds,64
108,2020-08-12T10:05:30.748000000,2020-08-12T10:06:59.097000000,2020-08-12T10:05:30.748000000,2020-08-12T10:06:59.097000000,88349000000 nanoseconds,90
109,2020-08-12T10:08:58.085000000,2020-08-12T10:12:59.033000000,2020-08-12T10:08:58.085000000,2020-08-12T10:12:59.033000000,240948000000 nanoseconds,270
110,2020-08-12T10:15:16.509000000,2020-08-12T10:18:50.730000000,2020-08-12T10:15:16.509000000,2020-08-12T10:18:50.730000000,214221000000 nanoseconds,193
111,2020-08-12T10:26:15.394000000,2020-08-12T10:29:26.684000000,2020-08-12T10:26:15.394000000,2020-08-12T10:29:26.684000000,191290000000 nanoseconds,280
112,2020-08-12T10:33:08.497000000,2020-08-12T10:33:23.711000000,2020-08-12T10:33:08.497000000,2020-08-12T10:33:23.711000000,15214000000 nanoseconds,43
113,2020-08-12T10:36:02.554000000,2020-08-12T10:37:20.695000000,2020-08-12T10:36:02.554000000,2020-08-12T10:37:20.695000000,78141000000 nanoseconds,185
114,2020-08-12T10:38:35.580000000,2020-08-12T10:39:07.208000000,2020-08-12T10:38:35.580000000,2020-08-12T10:39:07.208000000,31628000000 nanoseconds,68
115,2020-08-12T10:40:13.868000000,2020-08-12T10:43:40.077000000,2020-08-12T10:40:13.868000000,2020-08-12T10:43:40.077000000,206209000000 nanoseconds,351
116,2020-08-12T10:55:42.971000000,2020-08-12T10:57:53.098000000,2020-08-12T10:55:42.971000000,2020-08-12T10:57:53.098000000,130127000000 nanoseconds,248
117,2020-08-12T11:03:59.143000000,2020-08-12T11:04:22.765000000,2020-08-12T11:03:59.143000000,2020-08-12T11:04:22.765000000,23622000000 nanoseconds,91
118,2020-08-12T11:09:20.337000000,2020-08-12T11:09:36.574000000,2020-08-12T11:09:20.337000000,2020-08-12T11:09:36.574000000,16237000000 nanoseconds,66
119,2020-08-12T11:31:08.910000000,2020-08-12T11:32:18.967000000,2020-08-12T11:31:08.910000000,2020-08-12T11:32:18.967000000,70057000000 nanoseconds,146
120,2020-08-12T11:33:32.256000000,2020-08-12T11:34:01.550000000,2020-08-12T11:33:32.256000000,2020-08-12T11:34:01.550000000,29294000000 nanoseconds,117
121,2020-08-12T11:36:01.863000000,2020-08-12T11:36:07.894000000,2020-08-12T11:36:01.863000000,2020-08-12T11:36:07.894000000,6031000000 nanoseconds,14
122,2020-08-12T12:37:12.333000000,2020-08-12T12:39:23.513000000,2020-08-12T12:37:12.333000000,2020-08-12T12:39:23.513000000,131180000000 nanoseconds,313
123,2020-08-12T12:50:26.552000000,2020-08-12T12:52:07.420000000,2020-08-12T12:50:26.552000000,2020-08-12T12:52:07.420000000,100868000000 nanoseconds,202
124,2020-08-12T12:53:40.600000000,2020-08-12T13:00:18.499000000,2020-08-12T12:53:40.600000000,2020-08-12T13:00:18.499000000,397899000000 nanoseconds,476
125,2020-08-12T13:09:42.277000000,2020-08-12T13:21:31.689000000,2020-08-12T13:09:42.277000000,2020-08-12T13:21:31.689000000,709412000000 nanoseconds,1160
126,2020-08-12T13:30:39.093000000,2020-08-12T13:30:51.035000000,2020-08-12T13:30:39.093000000,2020-08-12T13:30:51.035000000,11942000000 nanoseconds,50
127,2020-08-12T13:35:48.552000000,2020-08-12T13:36:03.538000000,2020-08-12T13:35:48.552000000,2020-08-12T13:36:03.538000000,14986000000 nanoseconds,46
128,2020-08-12T13:39:02.819000000,2020-08-12T13:39:38.239000000,2020-08-12T13:39:02.819000000,2020-08-12T13:39:38.239000000,35420000000 nanoseconds,115
129,2020-08-12T13:52:08.916000000,2020-08-12T13:53:26.703000000,2020-08-12T13:52:08.916000000,2020-08-12T13:53:26.703000000,77787000000 nanoseconds,165
130,2020-08-12T13:59:35.785000000,2020-08-12T14:01:06.772000000,2020-08-12T13:59:35.785000000,2020-08-12T14:01:06.772000000,90987000000 nanoseconds,39
131,2020-08-12T14:38:27.450000000,2020-08-12T14:39:46.537000000,2020-08-12T14:38:27.450000000,2020-08-12T14:39:46.537000000,79087000000 nanoseconds,192
132,2020-08-12T14:59:38.350000000,2020-08-12T14:59:50.668000000,2020-08-12T14:59:38.350000000,2020-08-12T14:59:50.668000000,12318000000 nanoseconds,34
133,2020-08-12T19:25:23.446000000,2020-08-12T19:25:38.353000000,2020-08-12T19:25:23.446000000,2020-08-12T19:25:38.353000000,14907000000 nanoseconds,33
134,2020-08-12T19:28:50.505000000,2020-08-12T19:29:32.722000000,2020-08-12T19:28:50.505000000,2020-08-12T19:29:32.722000000,42217000000 nanoseconds,73
135,2020-08-12T20:17:11.023000000,2020-08-12T20:17:16.895000000,2020-08-12T20:17:11.023000000,2020-08-12T20:17:16.895000000,5872000000 nanoseconds,27
136,2020-08-12T20:30:26.452000000,2020-08-12T20:30:27.448000000,2020-08-12T20:30:26.452000000,2020-08-12T20:30:27.448000000,996000000 nanoseconds,6
137,2020-08-12T21:11:02.027000000,2020-08-12T21:11:03.271000000,2020-08-12T21:11:02.027000000,2020-08-12T21:11:03.271000000,1244000000 nanoseconds,7
138,2020-08-12T21:42:23.884000000,2020-08-12T21:43:01.583000000,2020-08-12T21:42:23.884000000,2020-08-12T21:43:01.583000000,37699000000 nanoseconds,26
139,2020-08-12T21:47:14.629000000,2020-08-12T21:47:17.426000000,2020-08-12T21:47:14.629000000,2020-08-12T21:47:17.426000000,2797000000 nanoseconds,12
140,2020-08-12T22:12:11.002000000,2020-08-12T22:12:18.686000000,2020-08-12T22:12:11.002000000,2020-08-12T22:12:18.686000000,7684000000 nanoseconds,22
141,2020-08-13T04:49:52.499000000,2020-08-13T04:49:57.999000000,2020-08-13T04:49:52.499000000,2020-08-13T04:49:57.999000000,5500000000 nanoseconds,22
142,2020-08-13T07:05:27.866000000,2020-08-13T07:06:07.635000000,2020-08-13T07:05:27.866000000,2020-08-13T07:06:07.635000000,39769000000 nanoseconds,56
143,2020-08-13T09:20:35.047000000,2020-08-13T09:21:11.515000000,2020-08-13T09:20:35.047000000,2020-08-13T09:21:11.515000000,36468000000 nanoseconds,18
144,2020-08-13T09:29:33.817000000,2020-08-13T09:29:35.929000000,2020-08-13T09:29:33.817000000,2020-08-13T09:29:35.929000000,2112000000 nanoseconds,8
145,2020-08-13T09:30:42.465000000,2020-08-13T09:33:08.572000000,2020-08-13T09:30:42.465000000,2020-08-13T09:33:08.572000000,146107000000 nanoseconds,204
146,2020-08-13T09:39:41.386000000,2020-08-13T09:41:30.885000000,2020-08-13T09:39:41.386000000,2020-08-13T09:41:30.885000000,109499000000 nanoseconds,294
147,2020-08-13T09:42:33.917000000,2020-08-13T09:42:40.595000000,2020-08-13T09:42:33.917000000,2020-08-13T09:42:40.595000000,6678000000 nanoseconds,15
148,2020-08-13T09:50:27.676000000,2020-08-13T09:50:43.264000000,2020-08-13T09:50:27.676000000,2020-08-13T09:50:43.264000000,15588000000 nanoseconds,16
149,2020-08-13T10:06:20.109000000,2020-08-13T10:06:45.421000000,2020-08-13T10:06:20.109000000,2020-08-13T10:06:45.421000000,25312000000 nanoseconds,82
150,2020-08-13T10:10:46.766000000,2020-08-13T10:12:44.171000000,2020-08-13T10:10:46.766000000,2020-08-13T10:12:44.171000000,117405000000 nanoseconds,115
151,2020-08-13T10:14:54.845000000,2020-08-13T10:15:07.249000000,2020-08-13T10:14:54.845000000,2020-08-13T10:15:07.249000000,12404000000 nanoseconds,35
152,2020-08-13T10:46:54.838000000,2020-08-13T10:49:05.502000000,2020-08-13T10:46:54.838000000,2020-08-13T10:49:05.502000000,130664000000 nanoseconds,221
153,2020-08-13T10:50:58.190000000,2020-08-13T10:56:01.890000000,2020-08-13T10:50:58.190000000,2020-08-13T10:56:01.890000000,303700000000 nanoseconds,522
154,2020-08-13T11:00:42.877000000,2020-08-13T11:00:59.420000000,2020-08-13T11:00:42.877000000,2020-08-13T11:00:59.420000000,16543000000 nanoseconds,26
155,2020-08-13T11:14:25.943000000,2020-08-13T11:14:26.897000000,2020-08-13T11:14:25.943000000,2020-08-13T11:14:26.897000000,954000000 nanoseconds,6
156,2020-08-13T11:17:20.518000000,2020-08-13T11:18:26.424000000,2020-08-13T11:17:20.518000000,2020-08-13T11:18:26.424000000,65906000000 nanoseconds,210
157,2020-08-13T11:40:57.243000000,2020-08-13T11:41:56.814000000,2020-08-13T11:40:57.243000000,2020-08-13T11:41:56.814000000,59571000000 nanoseconds,185
158,2020-08-13T11:52:03.428000000,2020-08-13T11:52:25.866000000,2020-08-13T11:52:03.428000000,2020-08-13T11:52:25.866000000,22438000000 nanoseconds,61
159,2020-08-13T11:54:17.050000000,2020-08-13T11:54:20.622000000,2020-08-13T11:54:17.050000000,2020-08-13T11:54:20.622000000,3572000000 nanoseconds,12
160,2020-08-13T11:56:46.134000000,2020-08-13T11:56:51.922000000,2020-08-13T11:56:46.134000000,2020-08-13T11:56:51.922000000,5788000000 nanoseconds,13
161,2020-08-13T11:59:01.604000000,2020-08-13T11:59:12.483000000,2020-08-13T11:59:01.604000000,2020-08-13T11:59:12.483000000,10879000000 nanoseconds,12
162,2020-08-13T12:11:33.826000000,2020-08-13T12:12:42.501000000,2020-08-13T12:11:33.826000000,2020-08-13T12:12:42.501000000,68675000000 nanoseconds,23
163,2020-08-13T12:22:23.575000000,2020-08-13T12:22:32.560000000,2020-08-13T12:22:23.575000000,2020-08-13T12:22:32.560000000,8985000000 nanoseconds,19
164,2020-08-13T12:24:04.908000000,2020-08-13T12:25:59.279000000,2020-08-13T12:24:04.908000000,2020-08-13T12:25:59.279000000,114371000000 nanoseconds,257
165,2020-08-13T12:29:32.676000000,2020-08-13T12:30:43.374000000,2020-08-13T12:29:32.676000000,2020-08-13T12:30:43.374000000,70698000000 nanoseconds,135
166,2020-08-13T12:33:07.458000000,2020-08-13T12:36:54.250000000,2020-08-13T12:33:07.458000000,2020-08-13T12:36:54.250000000,226792000000 nanoseconds,530
167,2020-08-13T12:38:13.247000000,2020-08-13T12:40:03.989000000,2020-08-13T12:38:13.247000000,2020-08-13T12:40:03.989000000,110742000000 nanoseconds,76
168,2020-08-13T12:41:08.784000000,2020-08-13T12:41:39.368000000,2020-08-13T12:41:08.784000000,2020-08-13T12:41:39.368000000,30584000000 nanoseconds,89
169,2020-08-13T12:43:45.168000000,2020-08-13T12:43:46.268000000,2020-08-13T12:43:45.168000000,2020-08-13T12:43:46.268000000,1100000000 nanoseconds,5
170,2020-08-13T12:46:27.376000000,2020-08-13T12:46:31.707000000,2020-08-13T12:46:27.376000000,2020-08-13T12:46:31.707000000,4331000000 nanoseconds,18
171,2020-08-13T12:54:16.508000000,2020-08-13T12:54:21.992000000,2020-08-13T12:54:16.508000000,2020-08-13T12:54:21.992000000,5484000000 nanoseconds,22
172,2020-08-13T12:57:06.260000000,2020-08-13T12:58:52.982000000,2020-08-13T12:57:06.260000000,2020-08-13T12:58:52.982000000,106722000000 nanoseconds,224
173,2020-08-13T13:01:51.189000000,2020-08-13T13:02:46.220000000,2020-08-13T13:01:51.189000000,2020-08-13T13:02:46.220000000,55031000000 nanoseconds,40
174,2020-08-13T13:08:20.751000000,2020-08-13T13:09:25.219000000,2020-08-13T13:08:20.751000000,2020-08-13T13:09:25.219000000,64468000000 nanoseconds,58
175,2020-08-13T13:13:41.899000000,2020-08-13T13:15:19.762000000,2020-08-13T13:13:41.899000000,2020-08-13T13:15:19.762000000,97863000000 nanoseconds,131
176,2020-08-13T13:17:02.535000000,2020-08-13T13:20:13.250000000,2020-08-13T13:17:02.535000000,2020-08-13T13:20:13.250000000,190715000000 nanoseconds,238
177,2020-08-13T13:33:16.369000000,2020-08-13T13:33:18.689000000,2020-08-13T13:33:16.369000000,2020-08-13T13:33:18.689000000,2320000000 nanoseconds,13
178,2020-08-13T13:43:58.810000000,2020-08-13T13:44:50.901000000,2020-08-13T13:43:58.810000000,2020-08-13T13:44:50.901000000,52091000000 nanoseconds,155
179,2020-08-13T13:53:16.623000000,2020-08-13T13:54:29.124000000,2020-08-13T13:53:16.623000000,2020-08-13T13:54:29.124000000,72501000000 nanoseconds,82
180,2020-08-13T13:57:01.843000000,2020-08-13T13:57:47.908000000,2020-08-13T13:57:01.843000000,2020-08-13T13:57:47.908000000,46065000000 nanoseconds,76
181,2020-08-13T13:58:47.962000000,2020-08-13T13:58:51.044000000,2020-08-13T13:58:47.962000000,2020-08-13T13:58:51.044000000,3082000000 nanoseconds,6
182,2020-08-13T14:04:09.588000000,2020-08-13T14:04:33.482000000,2020-08-13T14:04:09.588000000,2020-08-13T14:04:33.482000000,23894000000 nanoseconds,83
183,2020-08-13T14:07:20.962000000,2020-08-13T14:07:38.897000000,2020-08-13T14:07:20.962000000,2020-08-13T14:07:38.897000000,17935000000 nanoseconds,40
184,2020-08-13T14:48:38.648000000,2020-08-13T14:49:58.456000000,2020-08-13T14:48:38.648000000,2020-08-13T14:49:58.456000000,79808000000 nanoseconds,140
185,2020-08-13T14:51:00.128000000,2020-08-13T14:51:10.496000000,2020-08-13T14:51:00.128000000,2020-08-13T14:51:10.496000000,10368000000 nanoseconds,22
186,2020-08-13T15:04:26.444000000,2020-08-13T15:06:20.119000000,2020-08-13T15:04:26.444000000,2020-08-13T15:06:20.119000000,113675000000 nanoseconds,171
187,2020-08-13T15:07:21.188000000,2020-08-13T15:08:08.205000000,2020-08-13T15:07:21.188000000,2020-08-13T15:08:08.205000000,47017000000 nanoseconds,113
188,2020-08-13T16:47:26.251000000,2020-08-13T16:48:53.851000000,2020-08-13T16:47:26.251000000,2020-08-13T16:48:53.851000000,87600000000 nanoseconds,37
189,2020-08-13T16:51:01.529000000,2020-08-13T16:51:05.398000000,2020-08-13T16:51:01.529000000,2020-08-13T16:51:05.398000000,3869000000 nanoseconds,19
190,2020-08-13T16:57:27.100000000,2020-08-13T16:59:53.779000000,2020-08-13T16:57:27.100000000,2020-08-13T16:59:53.779000000,146679000000 nanoseconds,120
191,2020-08-13T18:04:25.300000000,2020-08-13T18:05:01.732000000,2020-08-13T18:04:25.300000000,2020-08-13T18:05:01.732000000,36432000000 nanoseconds,98
